{
    "t": [
        0.0388946533203125,
        0.1388946533203125,
        0.2388946533203125,
        0.33889465332031254,
        0.2293860912322998,
        0.3293860912322998,
        0.42938609123229976,
        0.5293860912322997,
        0.6293860912322997,
        0.7293860912322997,
        0.8293860912322997,
        0.9293860912322996,
        1.0293860912322996,
        1.1293860912322997,
        1.2293860912322998,
        1.3293860912323,
        1.4293860912323,
        1.5293860912323,
        1.744746208190918,
        1.844746208190918,
        1.9447462081909181,
        2.0447462081909182,
        2.1447462081909183,
        2.2447462081909184,
        2.3447462081909185,
        2.4447462081909186,
        2.5447462081909187,
        2.6447462081909188,
        2.7481374740600586,
        2.8481374740600587,
        2.9481374740600588,
        3.048137474060059,
        3.148137474060059,
        3.248137474060059,
        3.348137474060059,
        3.448137474060059,
        3.5481374740600593,
        3.6481374740600594,
        3.7500996589660645,
        3.8500996589660645,
        3.9500996589660646,
        4.050099658966064,
        4.150099658966064,
        4.250099658966064,
        4.321881532669067,
        4.421881532669067,
        4.521881532669067,
        4.621881532669066,
        4.721881532669066,
        4.821881532669066,
        4.921881532669065,
        5.021881532669065,
        5.1218815326690645,
        5.221881532669064,
        5.321881532669064,
        5.4218815326690635,
        5.521881532669063,
        5.621881532669063,
        5.721881532669062,
        5.821881532669062,
        5.921881532669062,
        6.021881532669061,
        6.121881532669061,
        6.221881532669061,
        6.369078874588013,
        6.471311807632446,
        6.569053888320923,
        6.672345161437988,
        6.76908540725708,
        6.869816780090332,
        6.968432426452637,
        7.068432426452636,
        7.168432426452636,
        7.268432426452636,
        7.368432426452635,
        7.468432426452635,
        7.568432426452635,
        7.668432426452634,
        7.768432426452634
    ],
    "x": [
        15.282581329345703,
        15.276081085205078,
        15.269579887390137,
        15.263078689575195,
        15.256576538085938,
        15.249983787536621,
        15.242881774902344,
        15.234832763671875,
        15.22547435760498,
        15.214512825012207,
        15.201723098754883,
        15.18694019317627,
        15.170056343078613,
        15.151019096374512,
        15.129823684692383,
        15.106513977050781,
        15.08117389678955,
        15.053923606872559,
        15.024916648864746,
        14.994185447692871,
        14.961199760437012,
        14.925374031066895,
        14.886212348937988,
        14.843314170837402,
        14.796363830566406,
        14.745126724243164,
        14.689445495605469,
        14.62923812866211,
        14.56449031829834,
        14.495272636413574,
        14.421794891357422,
        14.344306945800781,
        14.26307487487793,
        14.178373336791992,
        14.09049129486084,
        13.999728202819824,
        13.906391143798828,
        13.810794830322266,
        13.71325969696045,
        13.614145278930664,
        13.513931274414062,
        13.413098335266113,
        13.31209659576416,
        13.211343765258789,
        13.111162185668945,
        13.01203441619873,
        12.914237976074219,
        12.818085670471191,
        12.723857879638672,
        12.63180923461914,
        12.542165756225586,
        12.455126762390137,
        12.370863914489746,
        12.289525985717773,
        12.2112398147583,
        12.13610553741455,
        12.064205169677734,
        11.995597839355469,
        11.930323600769043,
        11.868404388427734,
        11.809842109680176,
        11.754624366760254,
        11.70272159576416,
        11.654090881347656,
        11.608675003051758,
        11.566387176513672,
        11.527079582214355,
        11.490591049194336,
        11.456762313842773,
        11.425437927246094,
        11.396467208862305,
        11.369708061218262,
        11.345024108886719,
        11.322281837463379,
        11.301355361938477,
        11.282121658325195,
        11.264461517333984,
        11.248262405395508,
        11.233414649963379
    ],
    "y": [
        -39.745941162109375,
        -41.402381896972656,
        -43.05888366699219,
        -44.71551513671875,
        -46.37232971191406,
        -48.029747009277344,
        -49.68959045410156,
        -51.35395812988281,
        -53.02482604980469,
        -54.70405960083008,
        -56.393409729003906,
        -58.094512939453125,
        -59.808895111083984,
        -61.537967681884766,
        -63.28303146362305,
        -65.04527282714844,
        -66.82575988769531,
        -68.62545013427734,
        -70.4451904296875,
        -72.28556823730469,
        -74.14647674560547,
        -76.02764892578125,
        -77.92880249023438,
        -79.84967041015625,
        -81.78996276855469,
        -83.74938201904297,
        -85.72763061523438,
        -87.72440338134766,
        -89.73939514160156,
        -91.77196502685547,
        -93.82018280029297,
        -95.88188171386719,
        -97.95496368408203,
        -100.03741455078125,
        -102.12728118896484,
        -104.22270202636719,
        -106.32188415527344,
        -108.42313385009766,
        -110.5248031616211,
        -112.62542724609375,
        -114.72399139404297,
        -116.81959533691406,
        -118.91138458251953,
        -120.99854278564453,
        -123.09599304199219,
        -125.17134094238281,
        -127.23829650878906,
        -129.2947235107422,
        -131.3385467529297,
        -133.36782836914062,
        -135.3806915283203,
        -137.37538146972656,
        -139.35023498535156,
        -141.30364990234375,
        -143.23419189453125,
        -145.1404571533203,
        -147.02117919921875,
        -148.8751678466797,
        -150.7013397216797,
        -152.49868774414062,
        -154.26634216308594,
        -156.0034942626953,
        -157.70944213867188,
        -159.38357543945312,
        -161.02540588378906,
        -162.63531494140625,
        -164.21690368652344,
        -165.7743377685547,
        -167.31149291992188,
        -168.83203125,
        -170.33905029296875,
        -171.83425903320312,
        -173.31898498535156,
        -174.79452514648438,
        -176.26206970214844,
        -177.72283935546875,
        -179.17796325683594,
        -180.6285400390625,
        -182.07562255859375
    ]
}