{
    "t": [
        0.0,
        0.1,
        0.2,
        0.30000000000000004,
        0.4,
        0.5,
        0.6,
        0.7,
        0.7999999999999999,
        0.8999999999999999,
        0.9999999999999999,
        1.0999999999999999,
        1.2,
        1.3,
        1.4000000000000001,
        1.5000000000000002,
        1.6000000000000003,
        1.7000000000000004,
        1.8000000000000005,
        1.9000000000000006,
        2.0000000000000004,
        2.1000000000000005,
        2.2000000000000006,
        2.3000000000000007,
        2.400000000000001,
        2.500000000000001,
        2.600000000000001,
        2.700000000000001,
        2.800000000000001,
        2.9000000000000012,
        3.0000000000000013,
        3.1000000000000014,
        3.2000000000000015,
        3.3000000000000016,
        3.4000000000000017,
        3.5000000000000018,
        3.600000000000002,
        3.700000000000002,
        3.800000000000002,
        3.900000000000002,
        4.000000000000002,
        4.100000000000001,
        4.200000000000001,
        4.300000000000001,
        4.4,
        4.5,
        4.6,
        4.699999999999999,
        4.799999999999999,
        4.899999999999999,
        4.999999999999998,
        5.099999999999998,
        5.1999999999999975,
        5.299999999999997,
        5.399999999999997,
        5.4999999999999964,
        5.599999999999996,
        5.699999999999996,
        5.799999999999995,
        5.899999999999995,
        5.999999999999995,
        6.099999999999994,
        6.199999999999994,
        6.299999999999994,
        6.399999999999993,
        6.499999999999993,
        6.5999999999999925,
        6.699999999999992,
        6.799999999999992,
        6.8999999999999915,
        6.999999999999991,
        7.099999999999991,
        7.19999999999999,
        7.29999999999999,
        7.39999999999999,
        7.499999999999989,
        7.599999999999989,
        7.699999999999989,
        7.799999999999988
    ],
    "x": [
        15.28281021118164,
        15.278514862060547,
        15.274218559265137,
        15.26992130279541,
        15.265533447265625,
        15.260635375976562,
        15.254790306091309,
        15.247633934020996,
        15.239015579223633,
        15.229365348815918,
        15.219183921813965,
        15.208892822265625,
        15.198837280273438,
        15.189292907714844,
        15.180469512939453,
        15.17249870300293,
        15.165380477905273,
        15.15902328491211,
        15.15312385559082,
        15.147358894348145,
        15.141441345214844,
        15.135120391845703,
        15.12817668914795,
        15.1204252243042,
        15.111710548400879,
        15.101907730102539,
        15.09091854095459,
        15.07859992980957,
        15.064591407775879,
        15.048386573791504,
        15.028865814208984,
        15.004937171936035,
        14.975725173950195,
        14.940557479858398,
        14.898953437805176,
        14.85061264038086,
        14.79539966583252,
        14.733333587646484,
        14.664573669433594,
        14.589411735534668,
        14.50826644897461,
        14.421661376953125,
        14.330209732055664,
        14.234602928161621,
        14.13559627532959,
        14.033998489379883,
        13.930658340454102,
        13.826452255249023,
        13.722270965576172,
        13.618892669677734,
        13.51663875579834,
        13.415699005126953,
        13.316256523132324,
        13.218477249145508,
        13.122453689575195,
        13.028460502624512,
        12.936590194702148,
        12.8469877243042,
        12.759781837463379,
        12.675085067749023,
        12.592995643615723,
        12.513596534729004,
        12.436955451965332,
        12.363128662109375,
        12.292160034179688,
        12.224077224731445,
        12.15890121459961,
        12.096640586853027,
        12.037293434143066,
        11.980849266052246,
        11.927285194396973,
        11.876570701599121,
        11.828664779663086,
        11.78351879119873,
        11.741074562072754,
        11.701268196105957,
        11.664030075073242,
        11.629281997680664,
        11.596943855285645
    ],
    "y": [
        -39.68787384033203,
        -40.782432556152344,
        -41.87709426879883,
        -42.97196578979492,
        -44.0675048828125,
        -45.1656494140625,
        -46.268585205078125,
        -47.378387451171875,
        -48.49650573730469,
        -49.62229537963867,
        -50.75465393066406,
        -51.89253616333008,
        -53.03495407104492,
        -54.18098449707031,
        -55.32976150512695,
        -56.48051834106445,
        -57.632720947265625,
        -58.78628921508789,
        -59.942657470703125,
        -61.103580474853516,
        -62.270721435546875,
        -63.4456787109375,
        -64.62997436523438,
        -65.82505798339844,
        -67.03229522705078,
        -68.25298309326172,
        -69.48834991455078,
        -70.73934173583984,
        -72.00615692138672,
        -73.28876495361328,
        -74.58727264404297,
        -75.90179443359375,
        -77.23239135742188,
        -78.57913208007812,
        -79.94203186035156,
        -81.32110595703125,
        -82.71630859375,
        -84.12760162353516,
        -85.55490112304688,
        -86.9974136352539,
        -88.45169067382812,
        -89.91382598876953,
        -91.3801498413086,
        -92.8472671508789,
        -94.31201171875,
        -95.77147674560547,
        -97.2230224609375,
        -98.66423034667969,
        -100.09294128417969,
        -101.5076904296875,
        -102.90890502929688,
        -104.29742431640625,
        -105.674072265625,
        -107.03965759277344,
        -108.41065979003906,
        -109.75642395019531,
        -111.09330749511719,
        -112.42196655273438,
        -113.74300384521484,
        -115.0570297241211,
        -116.3646240234375,
        -117.66634368896484,
        -118.96273803710938,
        -120.25432586669922,
        -121.54161071777344,
        -122.82508850097656,
        -124.10511779785156,
        -125.3816909790039,
        -126.65470123291016,
        -127.9240493774414,
        -129.18966674804688,
        -130.4514617919922,
        -131.70936584472656,
        -132.96334838867188,
        -134.21334838867188,
        -135.4593505859375,
        -136.7012481689453,
        -137.9387969970703,
        -139.1716766357422
    ]
}